resultId,raceId,driverId,constructorId,number,grid,position,positionText,positionOrder,points,laps,time,milliseconds,fastestLap,rank,fastestLapTime,fastestLapSpeed,statusId
9484,407,117,1,1,1,1,"1",1,9,78,"1:55:41.060",6941060,\N,\N,\N,\N,1
9485,407,177,1,2,9,2,"2",2,6,78,"+25.022",6966082,\N,\N,\N,\N,1
9486,407,102,32,12,3,3,"3",3,4,78,"+53.646",6994706,\N,\N,\N,\N,1
9487,407,95,3,5,2,4,"4",4,3,78,"+1:11.402",7012462,\N,\N,\N,\N,1
9488,407,163,27,25,12,5,"5",5,2,77,\N,\N,\N,\N,\N,\N,11
9489,407,172,27,26,7,6,"6",6,1,77,\N,\N,\N,\N,\N,\N,11
9490,407,137,3,6,11,7,"7",7,0,77,\N,\N,\N,\N,\N,\N,11
9491,407,123,21,18,14,8,"8",8,0,75,\N,\N,\N,\N,\N,\N,13
9492,407,176,21,17,17,9,"9",9,0,75,\N,\N,\N,\N,\N,\N,13
9493,407,140,6,28,15,10,"10",10,0,75,\N,\N,\N,\N,\N,\N,13
9494,407,166,25,4,13,11,"11",11,0,74,\N,\N,\N,\N,\N,\N,14
9495,407,156,49,14,19,12,"12",12,0,74,\N,\N,\N,\N,\N,\N,14
9496,407,84,25,3,10,\N,"R",13,0,67,\N,\N,\N,\N,\N,\N,3
9497,407,175,26,16,8,\N,"R",14,0,67,\N,\N,\N,\N,\N,\N,3
9498,407,77,22,20,5,\N,"R",15,0,42,\N,\N,\N,\N,\N,\N,38
9499,407,119,34,7,6,\N,"R",16,0,38,\N,\N,\N,\N,\N,\N,48
9500,407,105,6,27,4,\N,"R",17,0,38,\N,\N,\N,\N,\N,\N,101
9501,407,173,34,8,20,\N,"R",18,0,31,\N,\N,\N,\N,\N,\N,5
9502,407,170,22,19,16,\N,"R",19,0,17,\N,\N,\N,\N,\N,\N,23
9503,407,178,26,15,18,\N,"R",20,0,2,\N,\N,\N,\N,\N,\N,3
9504,407,160,45,21,0,\N,"F",21,0,0,\N,\N,\N,\N,\N,\N,81
9505,407,174,32,11,0,\N,"F",22,0,0,\N,\N,\N,\N,\N,\N,81
9506,407,179,49,29,0,\N,"F",23,0,0,\N,\N,\N,\N,\N,\N,81
9507,407,157,45,22,0,\N,"F",24,0,0,\N,\N,\N,\N,\N,\N,81
9508,407,110,18,23,0,\N,"F",25,0,0,\N,\N,\N,\N,\N,\N,81
9065,391,102,32,12,2,1,"1",1,9,78,"1:57:54.085",7074085,\N,\N,\N,\N,1
9066,391,137,3,6,3,2,"2",2,6,78,"+33.212",7107297,\N,\N,\N,\N,1
9067,391,105,6,27,5,3,"3",3,4,78,"+1:12.839",7146924,\N,\N,\N,\N,1
9068,391,77,6,28,8,4,"4",4,3,77,\N,\N,\N,\N,\N,\N,11
9069,391,156,25,3,15,5,"5",5,2,76,\N,\N,\N,\N,\N,\N,12
9070,391,122,37,16,19,6,"6",6,1,76,\N,\N,\N,\N,\N,\N,12
9071,391,84,49,9,14,7,"7",7,0,76,\N,\N,\N,\N,\N,\N,12
9072,391,170,22,19,12,8,"8",8,0,76,\N,\N,\N,\N,\N,\N,12
9073,391,117,1,1,4,9,"9",9,0,75,\N,\N,\N,\N,\N,\N,5
9074,391,138,32,11,17,10,"10",10,0,75,\N,\N,\N,\N,\N,\N,13
9075,391,163,27,25,22,11,"11",11,0,74,\N,\N,\N,\N,\N,\N,14
9076,391,160,27,26,20,12,"12",12,0,74,\N,\N,\N,\N,\N,\N,14
9077,391,169,39,14,24,13,"13",13,0,71,\N,\N,\N,\N,\N,\N,17
9078,391,158,21,18,6,\N,"R",14,0,59,\N,\N,\N,\N,\N,\N,25
9079,391,118,21,17,11,\N,"R",15,0,58,\N,\N,\N,\N,\N,\N,6
9080,391,140,1,2,7,\N,"R",16,0,57,\N,\N,\N,\N,\N,\N,5
9081,391,112,33,30,18,\N,"R",17,0,42,\N,\N,\N,\N,\N,\N,5
9082,391,119,34,7,10,\N,"R",18,0,41,\N,\N,\N,\N,\N,\N,10
9083,391,133,45,21,16,\N,"R",19,0,39,\N,\N,\N,\N,\N,\N,10
9084,391,110,34,8,21,\N,"R",20,0,38,\N,\N,\N,\N,\N,\N,22
9085,391,95,3,5,1,\N,"R",21,0,29,\N,\N,\N,\N,\N,\N,101
9086,391,145,18,24,13,\N,"R",22,0,21,\N,\N,\N,\N,\N,\N,10
9087,391,166,25,4,23,\N,"R",23,0,9,\N,\N,\N,\N,\N,\N,3
9088,391,123,22,20,9,\N,"R",24,0,5,\N,\N,\N,\N,\N,\N,7
9089,391,167,18,23,0,\N,"W",25,0,0,\N,\N,\N,\N,\N,\N,54
9090,391,157,49,10,0,\N,"E",26,0,0,\N,\N,\N,\N,\N,\N,96
8555,374,117,1,11,2,1,"1",1,9,78,"1:57:17.077",7037077,\N,\N,\N,\N,1
8556,374,77,6,28,3,2,"2",2,6,78,"+20.453",7057530,\N,\N,\N,\N,1
8557,374,105,6,27,4,3,"3",3,4,78,"+41.229",7078306,\N,\N,\N,\N,1
8558,374,118,21,17,7,4,"4",4,3,77,\N,\N,\N,\N,\N,\N,11
8559,374,156,25,3,10,5,"5",5,2,77,\N,\N,\N,\N,\N,\N,11
8560,374,119,3,6,8,6,"6",6,1,77,\N,\N,\N,\N,\N,\N,11
8561,374,114,33,29,21,7,"7",7,0,77,\N,\N,\N,\N,\N,\N,11
8562,374,123,22,20,16,8,"8",8,0,76,\N,\N,\N,\N,\N,\N,12
8563,374,78,45,21,25,9,"9",9,0,75,\N,\N,\N,\N,\N,\N,13
8564,374,122,37,16,22,10,"10",10,0,72,\N,\N,\N,\N,\N,\N,16
8565,374,102,1,12,1,\N,"R",11,0,66,\N,\N,\N,\N,\N,\N,20
8566,374,112,33,30,13,\N,"R",12,0,50,\N,\N,\N,\N,\N,\N,4
8567,374,127,37,15,14,\N,"R",13,0,45,\N,\N,\N,\N,\N,\N,69
8568,374,160,49,9,23,\N,"R",14,0,43,\N,\N,\N,\N,\N,\N,6
8569,374,145,22,19,6,\N,"R",15,0,38,\N,\N,\N,\N,\N,\N,6
8570,374,159,18,24,15,\N,"R",16,0,36,\N,\N,\N,\N,\N,\N,86
8571,374,95,3,5,5,\N,"R",17,0,32,\N,\N,\N,\N,\N,\N,4
8572,374,110,48,22,19,\N,"R",18,0,28,\N,\N,\N,\N,\N,\N,5
8573,374,163,27,25,20,\N,"R",19,0,17,\N,\N,\N,\N,\N,\N,5
8574,374,165,44,32,18,\N,"R",20,0,14,\N,\N,\N,\N,\N,\N,23
8575,374,158,21,18,9,\N,"R",21,0,8,\N,\N,\N,\N,\N,\N,5
8576,374,140,27,26,26,\N,"R",22,0,6,\N,\N,\N,\N,\N,\N,5
8577,374,99,42,31,24,\N,"R",23,0,5,\N,\N,\N,\N,\N,\N,22
8578,374,137,32,1,11,\N,"R",24,0,1,\N,\N,\N,\N,\N,\N,4
8579,374,133,35,36,17,\N,"R",25,0,0,\N,\N,\N,\N,\N,\N,20
8580,374,166,39,14,12,\N,"R",26,0,0,\N,\N,\N,\N,\N,\N,37
8581,374,138,32,2,0,\N,"F",27,0,0,\N,\N,\N,\N,\N,\N,81
8582,374,146,49,10,0,\N,"F",28,0,0,\N,\N,\N,\N,\N,\N,81
8583,374,167,18,23,0,\N,"F",29,0,0,\N,\N,\N,\N,\N,\N,81
8584,374,141,25,4,0,\N,"F",30,0,0,\N,\N,\N,\N,\N,\N,81
8585,374,131,44,33,0,\N,"E",31,0,0,\N,\N,\N,\N,\N,\N,96
7951,358,102,1,1,1,1,"1",1,9,77,"1:53:33.251",6813251,\N,\N,\N,\N,1
7952,358,117,1,2,2,2,"2",2,6,77,"+52.529",6865780,\N,\N,\N,\N,1
7953,358,131,34,8,8,3,"3",3,4,76,\N,\N,\N,\N,\N,\N,11
7954,358,133,35,21,9,4,"4",4,3,75,\N,\N,\N,\N,\N,\N,12
7955,358,105,25,4,12,5,"5",5,2,75,\N,\N,\N,\N,\N,\N,12
7956,358,84,34,7,4,6,"6",6,1,75,\N,\N,\N,\N,\N,\N,12
7957,358,158,21,10,20,7,"7",7,0,75,\N,\N,\N,\N,\N,\N,12
7958,358,145,22,19,15,8,"8",8,0,74,\N,\N,\N,\N,\N,\N,13
7959,358,156,25,3,23,9,"9",9,0,74,\N,\N,\N,\N,\N,\N,13
7960,358,123,3,5,3,10,"10",10,0,74,\N,\N,\N,\N,\N,\N,13
7961,358,122,37,16,22,11,"11",11,0,73,\N,\N,\N,\N,\N,\N,14
7962,358,163,27,25,21,12,"12",12,0,73,\N,\N,\N,\N,\N,\N,14
7963,358,110,35,22,10,13,"13",13,0,73,\N,\N,\N,\N,\N,\N,14
7964,358,65,22,20,24,14,"14",14,0,73,\N,\N,\N,\N,\N,\N,14
7965,358,119,3,6,7,15,"15",15,0,73,\N,\N,\N,\N,\N,\N,14
7966,358,159,18,24,26,\N,"R",16,0,48,\N,\N,\N,\N,\N,\N,25
7967,358,99,39,40,13,\N,"R",17,0,46,\N,\N,\N,\N,\N,\N,10
7968,358,90,42,31,25,\N,"R",18,0,44,\N,\N,\N,\N,\N,\N,6
7969,358,112,33,30,17,\N,"R",19,0,38,\N,\N,\N,\N,\N,\N,5
7970,358,127,37,15,14,\N,"R",20,0,36,\N,\N,\N,\N,\N,\N,5
7971,358,137,32,11,19,\N,"R",21,0,32,\N,\N,\N,\N,\N,\N,4
7972,358,95,6,27,5,\N,"R",22,0,30,\N,\N,\N,\N,\N,\N,6
7973,358,162,42,32,18,\N,"R",23,0,19,\N,\N,\N,\N,\N,\N,6
7974,358,129,27,26,16,\N,"R",24,0,4,\N,\N,\N,\N,\N,\N,6
7975,358,94,18,23,11,\N,"R",25,0,3,\N,\N,\N,\N,\N,\N,8
7976,358,118,21,9,6,\N,"R",26,0,2,\N,\N,\N,\N,\N,\N,10
7977,358,157,48,38,0,\N,"F",27,0,0,\N,\N,\N,\N,\N,\N,81
7978,358,114,33,29,0,\N,"F",28,0,0,\N,\N,\N,\N,\N,\N,81
7979,358,138,32,12,0,\N,"F",29,0,0,\N,\N,\N,\N,\N,\N,81
7980,358,160,45,18,0,\N,"F",30,0,0,\N,\N,\N,\N,\N,\N,97
7981,358,140,46,36,0,\N,"F",31,0,0,\N,\N,\N,\N,\N,\N,97
7982,358,78,45,17,0,\N,"F",32,0,0,\N,\N,\N,\N,\N,\N,97
7983,358,146,49,34,0,\N,"F",33,0,0,\N,\N,\N,\N,\N,\N,97
7984,358,92,46,37,0,\N,"F",34,0,0,\N,\N,\N,\N,\N,\N,97
7985,358,148,44,33,0,\N,"F",35,0,0,\N,\N,\N,\N,\N,\N,97
7986,358,161,48,39,0,\N,"F",36,0,0,\N,\N,\N,\N,\N,\N,97
7987,358,88,49,35,0,\N,"F",37,0,0,\N,\N,\N,\N,\N,\N,97
7988,358,164,39,41,0,\N,"F",38,0,0,\N,\N,\N,\N,\N,\N,97
20443,342,17,9,6,1,1,"1",1,25,78,"1:50:13.355",6613355,63,2,"1:15.318","159.643",1
20444,342,20,9,5,3,2,"2",2,18,78,"+0.448",6613803,71,1,"1:15.192","159.910",1
20445,342,9,4,11,2,3,"3",3,15,78,"+1.675",6615030,72,3,"1:15.353","159.568",1
20446,342,13,6,7,4,4,"4",4,12,78,"+2.666",6616021,68,4,"1:15.503","159.251",1
20447,342,1,1,2,5,5,"5",5,10,78,"+4.363",6617718,68,10,"1:16.219","157.755",1
20448,342,4,6,8,24,6,"6",6,8,78,"+6.341",6619696,73,6,"1:15.905","158.408",1
20449,342,3,131,4,6,7,"7",7,6,78,"+6.651",6620006,65,7,"1:15.959","158.295",1
20450,342,16,10,14,12,8,"8",8,4,78,"+6.970",6620325,72,8,"1:15.963","158.287",1
20451,342,24,10,15,10,9,"9",9,2,78,"+7.305",6620660,72,9,"1:16.142","157.915",1
20452,342,67,5,16,13,10,"10",10,1,78,"+8.199",6621554,68,13,"1:16.493","157.190",1
20453,342,153,5,17,17,11,"11",11,0,78,"+9.135",6622490,73,11,"1:16.381","157.421",1
20454,342,30,131,3,7,12,"12",12,0,78,"+5.712",6619067,71,5,"1:15.580","159.089",1
20455,342,808,4,12,14,13,"13",13,0,73,\N,\N,60,12,"1:16.405","157.371",23
20456,342,812,164,20,23,14,"14",14,0,70,\N,\N,69,19,"1:19.553","151.144",4
20457,342,15,205,18,19,15,"15",15,0,70,\N,\N,69,18,"1:19.340","151.550",4
20458,342,5,205,19,18,\N,"R",16,0,58,\N,\N,57,14,"1:18.401","153.365",38
20459,342,811,164,21,22,\N,"R",17,0,58,\N,\N,58,20,"1:20.130","150.056",9
20460,342,22,3,9,9,\N,"R",18,0,30,\N,\N,22,16,"1:19.074","152.060",22
20461,342,155,15,23,16,\N,"R",19,0,26,\N,\N,24,15,"1:18.775","152.637",6
20462,342,810,166,25,21,\N,"R",20,0,25,\N,\N,19,22,"1:22.255","146.179",36
20463,342,10,166,24,20,\N,"R",21,0,22,\N,\N,11,21,"1:20.775","148.857",49
20464,342,37,15,22,15,\N,"R",22,0,21,\N,\N,21,17,"1:19.270","151.684",9
20465,342,18,1,1,8,\N,"R",23,0,2,\N,\N,2,23,"2:14.285","89.540",5
20466,342,807,3,10,11,\N,"R",24,0,0,\N,\N,\N,\N,\N,\N,33
7117,324,102,1,27,1,1,"1",1,9,78,"1:52:46.982",6766982,\N,\N,\N,\N,1
7118,324,55,25,4,3,2,"2",2,6,78,"+1.087",6768069,\N,\N,\N,\N,1
7119,324,77,1,28,5,3,"3",3,4,78,"+2.073",6769055,\N,\N,\N,\N,1
7120,324,123,3,5,6,4,"4",4,3,77,\N,\N,\N,\N,\N,\N,11
7121,324,133,21,10,22,5,"5",5,2,76,\N,\N,\N,\N,\N,\N,12
7122,324,103,33,29,24,6,"6",6,1,76,\N,\N,\N,\N,\N,\N,12
7123,324,148,46,35,20,7,"7",7,0,72,\N,\N,\N,\N,\N,\N,4
7124,324,118,32,11,13,\N,"R",8,0,66,\N,\N,\N,\N,\N,\N,20
7125,324,95,6,2,7,\N,"R",9,0,63,\N,\N,\N,\N,\N,\N,84
7126,324,147,18,24,19,\N,"R",10,0,52,\N,\N,\N,\N,\N,\N,6
7127,324,109,46,36,26,\N,"R",11,0,52,\N,\N,\N,\N,\N,\N,6
7128,324,112,27,26,18,\N,"R",12,0,47,\N,\N,\N,\N,\N,\N,6
7129,324,119,3,6,4,\N,"R",13,0,41,\N,\N,\N,\N,\N,\N,99
7130,324,110,35,22,12,\N,"R",14,0,38,\N,\N,\N,\N,\N,\N,5
7131,324,138,25,3,21,\N,"R",15,0,36,\N,\N,\N,\N,\N,\N,20
7132,324,117,6,1,2,\N,"R",16,0,30,\N,\N,\N,\N,\N,\N,84
7133,324,145,22,19,16,\N,"R",17,0,20,\N,\N,\N,\N,\N,\N,6
7134,324,101,34,7,25,\N,"R",18,0,16,\N,\N,\N,\N,\N,\N,7
7135,324,122,41,16,23,\N,"R",19,0,13,\N,\N,\N,\N,\N,\N,23
7136,324,78,27,25,17,\N,"R",20,0,12,\N,\N,\N,\N,\N,\N,24
7137,324,88,33,30,15,\N,"R",21,0,11,\N,\N,\N,\N,\N,\N,38
7138,324,94,18,23,8,\N,"R",22,0,7,\N,\N,\N,\N,\N,\N,10
7139,324,151,32,12,11,\N,"R",23,0,6,\N,\N,\N,\N,\N,\N,6
7140,324,131,34,8,14,\N,"R",24,0,3,\N,\N,\N,\N,\N,\N,7
7141,324,139,35,21,9,\N,"R",25,0,0,\N,\N,\N,\N,\N,\N,5
7142,324,137,22,20,10,\N,"D",26,0,34,\N,\N,\N,\N,\N,\N,2
7143,324,105,21,9,0,\N,"F",27,0,0,\N,\N,\N,\N,\N,\N,81
7144,324,129,45,14,0,\N,"F",28,0,0,\N,\N,\N,\N,\N,\N,81
7145,324,127,41,15,0,\N,"F",29,0,0,\N,\N,\N,\N,\N,\N,81
7146,324,90,44,33,0,\N,"F",30,0,0,\N,\N,\N,\N,\N,\N,81
7147,324,99,39,17,0,\N,"F",31,0,0,\N,\N,\N,\N,\N,\N,97
7148,324,114,39,18,0,\N,"F",32,0,0,\N,\N,\N,\N,\N,\N,97
7149,324,149,44,34,0,\N,"F",33,0,0,\N,\N,\N,\N,\N,\N,97
7150,324,92,42,31,0,\N,"F",34,0,0,\N,\N,\N,\N,\N,\N,97
7151,324,152,47,39,0,\N,"F",35,0,0,\N,\N,\N,\N,\N,\N,97
6575,308,102,1,1,1,1,"1",1,10,78,"1:53:02.334",6782334,\N,\N,\N,\N,1
6576,308,95,3,5,5,2,"2",2,6,78,"+18.348",6800682,\N,\N,\N,\N,1
6577,308,55,6,28,9,3,"3",3,4,78,"+47.455",6829789,\N,\N,\N,\N,1
6578,308,90,22,19,8,4,"4",4,3,77,\N,\N,\N,\N,\N,\N,11
6579,308,117,6,27,7,5,"5",5,2,77,\N,\N,\N,\N,\N,\N,11
6580,308,139,35,21,12,6,"6",6,1,77,\N,\N,\N,\N,\N,\N,11
6581,308,123,27,25,16,7,"7",7,0,76,\N,\N,\N,\N,\N,\N,12
6582,308,92,17,32,23,8,"8",8,0,76,\N,\N,\N,\N,\N,\N,12
6583,308,103,26,29,13,9,"9",9,0,76,\N,\N,\N,\N,\N,\N,12
6584,308,100,27,26,26,10,"10",10,0,76,\N,\N,\N,\N,\N,\N,12
6585,308,109,35,22,21,11,"11",11,0,75,\N,\N,\N,\N,\N,\N,13
6586,308,94,18,23,14,12,"12",12,0,72,\N,\N,\N,\N,\N,\N,16
6587,308,57,32,11,25,\N,"R",13,0,64,\N,\N,\N,\N,\N,\N,44
6588,308,81,18,24,17,\N,"R",14,0,49,\N,\N,\N,\N,\N,\N,6
6589,308,127,41,15,15,\N,"R",15,0,43,\N,\N,\N,\N,\N,\N,37
6590,308,131,25,4,2,\N,"R",16,0,42,\N,\N,\N,\N,\N,\N,5
6591,308,119,3,6,3,\N,"R",17,0,42,\N,\N,\N,\N,\N,\N,20
6592,308,87,34,8,19,\N,"R",18,0,41,\N,\N,\N,\N,\N,\N,20
6593,308,105,29,9,22,\N,"R",19,0,39,\N,\N,\N,\N,\N,\N,5
6594,308,138,25,3,11,\N,"R",20,0,35,\N,\N,\N,\N,\N,\N,20
6595,308,88,26,30,20,\N,"R",21,0,24,\N,\N,\N,\N,\N,\N,5
6596,308,110,17,33,10,\N,"R",22,0,21,\N,\N,\N,\N,\N,\N,37
6597,308,122,41,16,18,\N,"R",23,0,12,\N,\N,\N,\N,\N,\N,23
6598,308,99,39,17,24,\N,"R",24,0,9,\N,\N,\N,\N,\N,\N,6
6599,308,77,1,2,6,\N,"R",25,0,9,\N,\N,\N,\N,\N,\N,20
6600,308,137,22,20,4,\N,"R",26,0,0,\N,\N,\N,\N,\N,\N,22
6601,308,141,32,12,0,\N,"F",27,0,0,\N,\N,\N,\N,\N,\N,81
6602,308,120,39,18,0,\N,"F",28,0,0,\N,\N,\N,\N,\N,\N,81
6603,308,133,29,10,0,\N,"F",29,0,0,\N,\N,\N,\N,\N,\N,81
6604,308,84,34,7,0,\N,"F",30,0,0,\N,\N,\N,\N,\N,\N,81
6605,308,78,40,34,0,\N,"F",31,0,0,\N,\N,\N,\N,\N,\N,97
6606,308,128,40,35,0,\N,"F",32,0,0,\N,\N,\N,\N,\N,\N,97
6607,308,142,42,31,0,\N,"F",33,0,0,\N,\N,\N,\N,\N,\N,97
6608,308,129,36,14,0,\N,"F",34,0,0,\N,\N,\N,\N,\N,\N,97
6085,292,95,3,5,1,1,"1",1,10,65,"1:56:10.674",6970674,\N,\N,\N,\N,1
6086,292,30,22,19,2,2,"2",2,6,65,"+23.914",6994588,\N,\N,\N,\N,1
6087,292,55,6,27,8,3,"3",3,4,65,"+26.462",6997136,\N,\N,\N,\N,1
6088,292,77,1,2,7,4,"4",4,3,65,"+1:20.647",7051321,\N,\N,\N,\N,1
6089,292,105,29,9,16,5,"5",5,2,64,\N,\N,\N,\N,\N,\N,11
6090,292,94,35,22,13,6,"6",6,1,63,\N,\N,\N,\N,\N,\N,12
6091,292,88,29,10,19,7,"7",7,0,63,\N,\N,\N,\N,\N,\N,12
6092,292,91,37,16,9,8,"8",8,0,63,\N,\N,\N,\N,\N,\N,12
6093,292,102,1,1,3,9,"9",9,0,62,\N,\N,\N,\N,\N,\N,20
6094,292,122,6,28,5,10,"10",10,0,62,\N,\N,\N,\N,\N,\N,20
6095,292,104,18,23,22,11,"11",11,0,61,\N,\N,\N,\N,\N,\N,14
6096,292,108,37,17,23,12,"12",12,0,61,\N,\N,\N,\N,\N,\N,14
6097,292,109,35,21,12,\N,"R",13,0,56,\N,\N,\N,\N,\N,\N,20
6098,292,99,36,15,18,\N,"R",14,0,56,\N,\N,\N,\N,\N,\N,20
6099,292,57,32,11,21,\N,"R",15,0,56,\N,\N,\N,\N,\N,\N,20
6100,292,100,27,26,10,\N,"R",16,0,55,\N,\N,\N,\N,\N,\N,20
6101,292,92,33,29,24,\N,"R",17,0,35,\N,\N,\N,\N,\N,\N,5
6102,292,129,25,3,15,\N,"R",18,0,30,\N,\N,\N,\N,\N,\N,20
6103,292,81,18,24,25,\N,"R",19,0,26,\N,\N,\N,\N,\N,\N,64
6104,292,127,17,33,17,\N,"R",20,0,24,\N,\N,\N,\N,\N,\N,20
6105,292,130,36,14,20,\N,"R",21,0,22,\N,\N,\N,\N,\N,\N,20
6106,292,119,3,6,4,\N,"R",22,0,19,\N,\N,\N,\N,\N,\N,20
6107,292,65,32,12,26,\N,"R",23,0,13,\N,\N,\N,\N,\N,\N,20
6108,292,123,27,25,14,\N,"R",24,0,11,\N,\N,\N,\N,\N,\N,5
6109,292,84,22,20,6,\N,"R",25,0,4,\N,\N,\N,\N,\N,\N,20
6110,292,110,25,4,11,\N,"R",26,0,2,\N,\N,\N,\N,\N,\N,5
6111,292,79,33,30,0,\N,"F",27,0,0,\N,\N,\N,\N,\N,\N,81
6112,292,128,34,7,0,\N,"F",28,0,0,\N,\N,\N,\N,\N,\N,81
6113,292,131,17,32,0,\N,"F",29,0,0,\N,\N,\N,\N,\N,\N,81
6114,292,71,34,8,0,\N,"F",30,0,0,\N,\N,\N,\N,\N,\N,81
6115,292,90,38,34,0,\N,"F",31,0,0,\N,\N,\N,\N,\N,\N,97
6116,292,135,38,35,0,\N,"F",32,0,0,\N,\N,\N,\N,\N,\N,97
5713,278,102,1,8,3,1,"1",1,10,78,"1:52:10.947",6730947,\N,\N,\N,\N,1
5714,278,71,3,0,4,2,"2",2,6,78,"+52.118",6783065,\N,\N,\N,\N,1
5715,278,55,6,27,5,3,"3",3,4,78,"+1:03.362",6794309,\N,\N,\N,\N,1
5716,278,117,3,2,1,4,"4",4,3,77,\N,\N,\N,\N,\N,\N,11
5717,278,104,18,23,17,5,"5",5,2,76,\N,\N,\N,\N,\N,\N,12
5718,278,84,27,25,13,6,"6",6,1,76,\N,\N,\N,\N,\N,\N,12
5719,278,70,32,11,20,7,"7",7,0,76,\N,\N,\N,\N,\N,\N,12
5720,278,121,1,7,9,8,"8",8,0,76,\N,\N,\N,\N,\N,\N,12
5721,278,22,17,14,16,9,"9",9,0,76,\N,\N,\N,\N,\N,\N,12
5722,278,110,25,4,19,10,"10",10,0,76,\N,\N,\N,\N,\N,\N,12
5723,278,120,18,24,25,11,"11",11,0,75,\N,\N,\N,\N,\N,\N,13
5724,278,112,33,19,15,12,"12",12,0,75,\N,\N,\N,\N,\N,\N,13
5725,278,91,15,29,8,13,"13",13,0,74,\N,\N,\N,\N,\N,\N,14
5726,278,77,6,28,7,14,"14",14,0,70,\N,\N,\N,\N,\N,\N,4
5727,278,65,32,12,14,\N,"R",15,0,61,\N,\N,\N,\N,\N,\N,6
5728,278,119,22,6,6,\N,"R",16,0,53,\N,\N,\N,\N,\N,\N,5
5729,278,100,33,20,10,\N,"R",17,0,51,\N,\N,\N,\N,\N,\N,5
5730,278,88,29,10,18,\N,"R",18,0,46,\N,\N,\N,\N,\N,\N,20
5731,278,118,29,9,12,\N,"R",19,0,43,\N,\N,\N,\N,\N,\N,37
5732,278,30,22,5,2,\N,"R",20,0,32,\N,\N,\N,\N,\N,\N,9
5733,278,79,25,3,22,\N,"R",21,0,31,\N,\N,\N,\N,\N,\N,5
5734,278,105,26,21,24,\N,"R",22,0,28,\N,\N,\N,\N,\N,\N,6
5735,278,109,15,30,11,\N,"R",23,0,23,\N,\N,\N,\N,\N,\N,3
5736,278,123,17,15,23,\N,"R",24,0,12,\N,\N,\N,\N,\N,\N,22
5737,278,87,27,26,21,\N,"R",25,0,3,\N,\N,\N,\N,\N,\N,20
5738,278,69,26,22,0,\N,"F",26,0,0,\N,\N,\N,\N,\N,\N,81
5223,260,30,22,5,1,1,"1",1,10,78,"1:49:55.3",6595300,\N,\N,\N,\N,1
5224,260,84,1,8,8,2,"2",2,6,78,"+37.278",6632578,\N,\N,\N,\N,1
5225,260,77,6,28,3,3,"3",3,4,78,"+1:16.824",6672124,\N,\N,\N,\N,1
5226,260,110,17,15,14,4,"4",4,3,77,\N,\N,\N,\N,\N,\N,11
5227,260,55,6,27,5,5,"5",5,2,77,\N,\N,\N,\N,\N,\N,11
5228,260,105,18,24,12,6,"6",6,1,77,\N,\N,\N,\N,\N,\N,11
5229,260,109,22,6,17,7,"7",7,0,77,\N,\N,\N,\N,\N,\N,11
5230,260,106,33,19,18,8,"8",8,0,76,\N,\N,\N,\N,\N,\N,12
5231,260,44,27,26,20,9,"9",9,0,76,\N,\N,\N,\N,\N,\N,12
5232,260,100,33,20,13,10,"10",10,0,75,\N,\N,\N,\N,\N,\N,13
5233,260,83,32,11,19,11,"11",11,0,73,\N,\N,\N,\N,\N,\N,15
5234,260,65,32,12,16,\N,"R",12,0,68,\N,\N,\N,\N,\N,\N,6
5235,260,108,30,33,24,\N,"R",13,0,53,\N,\N,\N,\N,\N,\N,68
5236,260,92,30,34,23,\N,"R",14,0,49,\N,\N,\N,\N,\N,\N,6
5237,260,104,29,9,6,\N,"R",15,0,47,\N,\N,\N,\N,\N,\N,6
5238,260,101,31,31,22,\N,"R",16,0,45,\N,\N,\N,\N,\N,\N,5
5239,260,87,25,4,10,\N,"R",17,0,40,\N,\N,\N,\N,\N,\N,5
5240,260,79,25,3,11,\N,"R",18,0,38,\N,\N,\N,\N,\N,\N,6
5241,260,103,27,25,21,\N,"R",19,0,34,\N,\N,\N,\N,\N,\N,20
5242,260,22,17,14,15,\N,"R",20,0,27,\N,\N,\N,\N,\N,\N,10
5243,260,57,1,7,2,\N,"R",21,0,0,\N,\N,\N,\N,\N,\N,4
5244,260,71,3,0,4,\N,"R",22,0,0,\N,\N,\N,\N,\N,\N,4
5245,260,81,29,10,7,\N,"R",23,0,0,\N,\N,\N,\N,\N,\N,4
5246,260,94,18,23,9,\N,"R",24,0,0,\N,\N,\N,\N,\N,\N,4
5247,260,49,15,30,0,\N,"W",25,0,0,\N,\N,\N,\N,\N,\N,54
5248,260,91,15,29,0,\N,"W",26,0,0,\N,\N,\N,\N,\N,\N,82
4825,244,30,22,1,2,1,"1",1,10,78,"1:53:11.258",6791258,\N,\N,\N,\N,1
4826,244,71,3,5,1,2,"2",2,6,78,"+34.817",6826075,\N,\N,\N,\N,1
4827,244,77,6,28,4,3,"3",3,4,78,"+1:11.447",6862705,\N,\N,\N,\N,1
4828,244,65,22,2,7,4,"4",4,3,77,\N,\N,\N,\N,\N,\N,11
4829,244,87,1,7,10,5,"5",5,2,77,\N,\N,\N,\N,\N,\N,11
4830,244,49,15,30,14,6,"6",6,1,76,\N,\N,\N,\N,\N,\N,12
4831,244,94,18,23,18,7,"7",7,0,76,\N,\N,\N,\N,\N,\N,12
4832,244,96,15,29,19,8,"8",8,0,74,\N,\N,\N,\N,\N,\N,14
4833,244,81,29,9,13,9,"9",9,0,74,\N,\N,\N,\N,\N,\N,14
4834,244,64,28,21,22,10,"10",10,0,72,\N,\N,\N,\N,\N,\N,16
4835,244,69,18,24,16,\N,"R",11,0,68,\N,\N,\N,\N,\N,\N,22
4836,244,44,27,26,12,\N,"R",12,0,65,\N,\N,\N,\N,\N,\N,20
4837,244,63,25,4,17,\N,"R",13,0,63,\N,\N,\N,\N,\N,\N,6
4838,244,22,17,14,11,\N,"R",14,0,60,\N,\N,\N,\N,\N,\N,37
4839,244,92,30,16,21,\N,"R",15,0,42,\N,\N,\N,\N,\N,\N,6
4840,244,55,6,27,5,\N,"R",16,0,41,\N,\N,\N,\N,\N,\N,20
4841,244,84,27,25,8,\N,"R",17,0,40,\N,\N,\N,\N,\N,\N,20
4842,244,89,29,10,26,\N,"R",18,0,27,\N,\N,\N,\N,\N,\N,6
4843,244,79,25,3,15,\N,"R",19,0,26,\N,\N,\N,\N,\N,\N,20
4844,244,85,30,17,25,\N,"D",20,0,23,\N,\N,\N,\N,\N,\N,2
4845,244,56,17,15,9,\N,"R",21,0,22,\N,\N,\N,\N,\N,\N,20
4846,244,14,3,6,3,\N,"R",22,0,16,\N,\N,\N,\N,\N,\N,6
4847,244,90,28,22,24,\N,"R",23,0,9,\N,\N,\N,\N,\N,\N,23
4848,244,57,1,8,6,\N,"R",24,0,8,\N,\N,\N,\N,\N,\N,5
4849,244,50,31,12,23,\N,"W",25,0,0,\N,\N,\N,\N,\N,\N,6
4850,244,93,31,11,20,\N,"W",26,0,0,\N,\N,\N,\N,\N,\N,54
4491,229,44,27,9,14,1,"1",1,10,75,"2:00:45.629",7245629,\N,\N,\N,\N,1
4492,229,14,1,8,5,2,"2",2,6,75,"+4.828",7250457,\N,\N,\N,\N,1
4493,229,65,15,14,13,3,"3",3,4,75,"+37.503",7283132,\N,\N,\N,\N,1
4494,229,49,15,15,9,4,"4",4,3,74,\N,\N,\N,\N,\N,\N,54
4495,229,63,25,19,11,5,"5",5,2,70,\N,\N,\N,\N,\N,\N,4
4496,229,57,1,7,8,6,"6",6,1,70,\N,\N,\N,\N,\N,\N,4
4497,229,56,6,2,7,7,"7",7,0,68,\N,\N,\N,\N,\N,\N,4
4498,229,35,3,6,10,\N,"R",8,0,66,\N,\N,\N,\N,\N,\N,4
4499,229,55,22,3,3,\N,"R",9,0,60,\N,\N,\N,\N,\N,\N,22
4500,229,69,28,22,21,\N,"R",10,0,60,\N,\N,\N,\N,\N,\N,4
4501,229,71,3,5,2,\N,"R",11,0,40,\N,\N,\N,\N,\N,\N,5
4502,229,84,17,12,16,\N,"R",12,0,30,\N,\N,\N,\N,\N,\N,20
4503,229,77,22,4,4,\N,"R",13,0,9,\N,\N,\N,\N,\N,\N,6
4504,229,64,27,10,17,\N,"R",14,0,5,\N,\N,\N,\N,\N,\N,7
4505,229,73,29,16,20,\N,"R",15,0,3,\N,\N,\N,\N,\N,\N,20
4506,229,79,25,18,15,\N,"R",16,0,2,\N,\N,\N,\N,\N,\N,20
4507,229,30,6,1,1,\N,"R",17,0,0,\N,\N,\N,\N,\N,\N,20
4508,229,22,17,11,6,\N,"R",18,0,0,\N,\N,\N,\N,\N,\N,20
4509,229,83,18,20,19,\N,"R",19,0,0,\N,\N,\N,\N,\N,\N,4
4510,229,21,18,21,18,\N,"R",20,0,0,\N,\N,\N,\N,\N,\N,4
4511,229,50,29,17,12,\N,"R",21,0,0,\N,\N,\N,\N,\N,\N,20
4512,229,85,28,23,22,\N,"F",22,0,0,\N,\N,\N,\N,\N,\N,82
4095,211,30,6,5,2,1,"1",1,10,62,"2:00:05.654",7205654,\N,\N,\N,\N,1
4096,211,22,24,22,10,2,"2",2,6,62,"+53.306",7258960,\N,\N,\N,\N,1
4097,211,56,6,6,15,3,"3",3,4,62,"+1:22.108",7287762,\N,\N,\N,\N,1
4098,211,44,20,14,12,4,"4",4,3,62,"+1:44.402",7310056,\N,\N,\N,\N,1
4099,211,63,25,19,14,5,"5",5,2,61,\N,\N,\N,\N,\N,\N,11
4100,211,21,17,12,4,6,"6",6,1,61,\N,\N,\N,\N,\N,\N,11
4101,211,76,24,23,19,7,"7",7,0,61,\N,\N,\N,\N,\N,\N,11
4102,211,50,25,18,22,8,"8",8,0,60,\N,\N,\N,\N,\N,\N,12
4103,211,77,22,8,17,9,"9",9,0,60,\N,\N,\N,\N,\N,\N,12
4104,211,79,18,20,20,10,"10",10,0,60,\N,\N,\N,\N,\N,\N,12
4105,211,49,3,4,1,\N,"R",11,0,39,\N,\N,\N,\N,\N,\N,20
4106,211,75,20,15,21,\N,"R",12,0,36,\N,\N,\N,\N,\N,\N,20
4107,211,78,15,17,11,\N,"R",13,0,24,\N,\N,\N,\N,\N,\N,20
4108,211,55,22,7,9,\N,"R",14,0,16,\N,\N,\N,\N,\N,\N,20
4109,211,35,3,3,3,\N,"R",15,0,16,\N,\N,\N,\N,\N,\N,20
4110,211,23,17,11,6,\N,"R",16,0,10,\N,\N,\N,\N,\N,\N,20
4111,211,65,15,16,7,\N,"R",17,0,9,\N,\N,\N,\N,\N,\N,20
4112,211,15,18,21,18,\N,"R",18,0,7,\N,\N,\N,\N,\N,\N,20
4113,211,14,1,10,5,\N,"R",19,0,1,\N,\N,\N,\N,\N,\N,20
4114,211,57,1,9,8,\N,"R",20,0,1,\N,\N,\N,\N,\N,\N,4
4115,211,71,21,1,13,\N,"R",21,0,1,\N,\N,\N,\N,\N,\N,4
4116,211,64,21,2,16,\N,"R",22,0,0,\N,\N,\N,\N,\N,\N,20
3765,196,57,1,8,1,1,"1",1,10,78,"1:51:24.4",6684400,\N,\N,\N,\N,1
3766,196,21,22,5,3,2,"2",2,6,78,"+11.475",6695875,\N,\N,\N,\N,1
3767,196,56,6,4,7,3,"3",3,4,78,"+41.378",6725778,\N,\N,\N,\N,1
3768,196,63,21,17,8,4,"4",4,3,78,"+1:00.363",6744763,\N,\N,\N,\N,1
3769,196,35,3,1,13,5,"5",5,2,77,\N,\N,\N,\N,\N,\N,11
3770,196,64,21,16,12,6,"6",6,1,77,\N,\N,\N,\N,\N,\N,11
3771,196,65,15,15,9,7,"7",7,0,77,\N,\N,\N,\N,\N,\N,11
3772,196,71,17,9,15,8,"8",8,0,76,\N,\N,\N,\N,\N,\N,12
3773,196,75,18,22,19,9,"9",9,0,76,\N,\N,\N,\N,\N,\N,12
3774,196,30,6,3,4,10,"10",10,0,76,\N,\N,\N,\N,\N,\N,12
3775,196,68,25,21,20,11,"11",11,0,76,\N,\N,\N,\N,\N,\N,12
3776,196,55,15,14,11,12,"12",12,0,72,\N,\N,\N,\N,\N,\N,6
3777,196,15,20,12,10,\N,"R",13,0,56,\N,\N,\N,\N,\N,\N,6
3778,196,44,20,11,18,\N,"R",14,0,49,\N,\N,\N,\N,\N,\N,36
3779,196,23,17,10,16,\N,"R",15,0,44,\N,\N,\N,\N,\N,\N,22
3780,196,25,22,6,6,\N,"R",16,0,42,\N,\N,\N,\N,\N,\N,20
3781,196,76,24,19,17,\N,"R",17,0,30,\N,\N,\N,\N,\N,\N,22
3782,196,14,1,7,2,\N,"R",18,0,17,\N,\N,\N,\N,\N,\N,5
3783,196,22,24,18,14,\N,"R",19,0,11,\N,\N,\N,\N,\N,\N,22
3784,196,49,3,2,5,\N,"R",20,0,5,\N,\N,\N,\N,\N,\N,4
3785,196,74,18,23,21,\N,"R",21,0,0,\N,\N,\N,\N,\N,\N,20
3786,196,73,25,20,0,\N,"F",22,0,0,\N,\N,\N,\N,\N,\N,81
3370,178,30,6,3,2,1,"1",1,10,78,"1:49:31.812",6571812,\N,\N,\N,\N,1
3371,178,56,6,4,4,2,"2",2,6,78,"+30.476",6602288,\N,\N,\N,\N,1
3372,178,57,1,1,1,3,"3",3,4,78,"+37.483",6609295,\N,\N,\N,\N,1
3373,178,49,17,8,6,4,"4",4,3,78,"+54.009",6625821,\N,\N,\N,\N,1
3374,178,21,22,9,9,5,"5",5,2,77,\N,\N,\N,\N,\N,\N,11
3375,178,25,22,10,10,6,"6",6,1,77,\N,\N,\N,\N,\N,\N,11
3376,178,15,20,19,7,7,"7",7,0,77,\N,\N,\N,\N,\N,\N,11
3377,178,70,3,5,11,8,"8",8,0,76,\N,\N,\N,\N,\N,\N,12
3378,178,22,24,16,5,9,"9",9,0,71,\N,\N,\N,\N,\N,\N,20
3379,178,23,3,6,16,\N,"R",10,0,54,\N,\N,\N,\N,\N,\N,20
3380,178,55,15,11,14,\N,"R",11,0,50,\N,\N,\N,\N,\N,\N,22
3381,178,64,15,12,15,\N,"R",12,0,49,\N,\N,\N,\N,\N,\N,22
3382,178,44,20,18,18,\N,"R",13,0,40,\N,\N,\N,\N,\N,\N,5
3383,178,14,1,2,3,\N,"R",14,0,36,\N,\N,\N,\N,\N,\N,6
3384,178,63,16,23,12,\N,"R",15,0,36,\N,\N,\N,\N,\N,\N,23
3385,178,68,21,15,19,\N,"R",16,0,36,\N,\N,\N,\N,\N,\N,5
3386,178,35,16,22,8,\N,"R",17,0,32,\N,\N,\N,\N,\N,\N,44
3387,178,65,24,17,13,\N,"R",18,0,32,\N,\N,\N,\N,\N,\N,22
3388,178,37,21,14,21,\N,"R",19,0,30,\N,\N,\N,\N,\N,\N,6
3389,178,48,18,21,22,\N,"R",20,0,24,\N,\N,\N,\N,\N,\N,20
3390,178,69,18,20,20,\N,"R",21,0,10,\N,\N,\N,\N,\N,\N,6
3391,178,71,17,7,17,\N,"R",22,0,3,\N,\N,\N,\N,\N,\N,4
3062,164,14,1,2,3,1,"1",1,10,78,"1:49:28.213",6568213,\N,\N,\N,\N,1
3063,164,22,6,4,6,2,"2",2,6,78,"+15.889",6584102,\N,\N,\N,\N,1
3064,164,21,22,11,8,3,"3",3,4,78,"+18.522",6586735,\N,\N,\N,\N,1
3065,164,56,19,7,10,4,"4",4,3,78,"+1:05.924",6634137,\N,\N,\N,\N,1
3066,164,63,15,17,13,5,"5",5,2,78,"+1:20.775",6648988,\N,\N,\N,\N,1
3067,164,57,1,1,5,6,"6",6,1,77,\N,\N,\N,\N,\N,\N,11
3068,164,35,16,22,17,7,"7",7,0,77,\N,\N,\N,\N,\N,\N,11
3069,164,2,20,15,18,8,"8",8,0,77,\N,\N,\N,\N,\N,\N,11
3070,164,65,19,8,11,9,"9",9,0,76,\N,\N,\N,\N,\N,\N,12
3071,164,49,17,5,4,10,"10",10,0,70,\N,\N,\N,\N,\N,\N,20
3072,164,50,21,19,15,\N,"R",11,0,60,\N,\N,\N,\N,\N,\N,20
3073,164,30,6,3,1,\N,"R",12,0,55,\N,\N,\N,\N,\N,\N,22
3074,164,41,16,23,20,\N,"R",13,0,48,\N,\N,\N,\N,\N,\N,20
3075,164,23,3,9,9,\N,"R",14,0,37,\N,\N,\N,\N,\N,\N,20
3076,164,15,17,6,2,\N,"R",15,0,36,\N,\N,\N,\N,\N,\N,6
3077,164,64,15,16,19,\N,"R",16,0,30,\N,\N,\N,\N,\N,\N,20
3078,164,55,20,14,7,\N,"R",17,0,29,\N,\N,\N,\N,\N,\N,7
3079,164,60,18,21,22,\N,"R",18,0,22,\N,\N,\N,\N,\N,\N,20
3080,164,48,18,20,21,\N,"R",19,0,21,\N,\N,\N,\N,\N,\N,6
3081,164,25,22,12,12,\N,"R",20,0,18,\N,\N,\N,\N,\N,\N,20
3082,164,18,3,10,14,\N,"R",21,0,16,\N,\N,\N,\N,\N,\N,5
3083,164,37,21,18,16,\N,"R",22,0,0,\N,\N,\N,\N,\N,\N,90
2689,147,30,6,1,2,1,"1",1,10,78,"1:47:22.561",6442561,\N,\N,\N,\N,1
2690,147,22,6,2,4,2,"2",2,6,78,"+0.431",6442992,\N,\N,\N,\N,1
2691,147,56,19,18,6,3,"3",3,4,78,"+30.698",6473259,\N,\N,\N,\N,1
2692,147,35,16,10,9,4,"4",4,3,78,"+32.454",6475015,\N,\N,\N,\N,1
2693,147,14,1,4,1,5,"5",5,2,77,\N,\N,\N,\N,\N,\N,11
2694,147,55,20,22,11,6,"6",6,1,77,\N,\N,\N,\N,\N,\N,11
2695,147,18,22,8,17,7,"7",7,0,77,\N,\N,\N,\N,\N,\N,11
2696,147,50,21,14,19,8,"8",8,0,77,\N,\N,\N,\N,\N,\N,11
2697,147,59,21,15,20,9,"9",9,0,76,\N,\N,\N,\N,\N,\N,12
2698,147,8,15,17,15,10,"10",10,0,73,\N,\N,\N,\N,\N,\N,15
2699,147,23,3,5,5,\N,"R",11,0,57,\N,\N,\N,\N,\N,\N,10
2700,147,58,18,20,22,\N,"R",12,0,56,\N,\N,\N,\N,\N,\N,7
2701,147,4,18,21,18,\N,"R",13,0,54,\N,\N,\N,\N,\N,\N,6
2702,147,49,17,11,13,\N,"R",14,0,49,\N,\N,\N,\N,\N,\N,3
2703,147,21,22,7,10,\N,"R",15,0,43,\N,\N,\N,\N,\N,\N,6
2704,147,15,17,12,8,\N,"R",16,0,30,\N,\N,\N,\N,\N,\N,9
2705,147,54,20,23,21,\N,"R",17,0,24,\N,\N,\N,\N,\N,\N,6
2706,147,37,19,19,14,\N,"R",18,0,18,\N,\N,\N,\N,\N,\N,9
2707,147,57,1,3,3,\N,"R",19,0,15,\N,\N,\N,\N,\N,\N,38
2708,147,44,16,9,12,\N,"R",20,0,13,\N,\N,\N,\N,\N,\N,38
2709,147,31,3,6,7,\N,"R",21,0,2,\N,\N,\N,\N,\N,\N,20
2710,147,2,15,16,16,\N,"R",22,0,0,\N,\N,\N,\N,\N,\N,4
2327,130,14,1,3,2,1,"1",1,10,78,"1:45:39.055",6339055,\N,\N,\N,\N,1
2328,130,30,6,1,3,2,"2",2,6,78,"+1.050",6340105,\N,\N,\N,\N,1
2329,130,23,3,5,4,3,"3",3,4,78,"+1:07.450",6406505,\N,\N,\N,\N,1
2330,130,15,4,14,7,4,"4",4,3,77,\N,\N,\N,\N,\N,\N,11
2331,130,21,17,9,11,5,"5",5,2,77,\N,\N,\N,\N,\N,\N,11
2332,130,49,21,20,12,6,"6",6,1,77,\N,\N,\N,\N,\N,\N,11
2333,130,22,6,2,5,7,"7",7,0,77,\N,\N,\N,\N,\N,\N,11
2334,130,2,15,7,15,8,"8",8,0,76,\N,\N,\N,\N,\N,\N,12
2335,130,56,19,16,19,9,"9",9,0,76,\N,\N,\N,\N,\N,\N,12
2336,130,37,19,17,17,10,"10",10,0,76,\N,\N,\N,\N,\N,\N,12
2337,130,17,18,23,20,11,"11",11,0,76,\N,\N,\N,\N,\N,\N,12
2338,130,59,21,21,21,12,"12",12,0,76,\N,\N,\N,\N,\N,\N,12
2339,130,63,7,24,9,\N,"R",13,0,69,\N,\N,\N,\N,\N,\N,23
2340,130,13,15,8,13,\N,"R",14,0,63,\N,\N,\N,\N,\N,\N,3
2341,130,44,16,12,18,\N,"R",15,0,51,\N,\N,\N,\N,\N,\N,4
2342,130,18,4,15,8,\N,"R",16,0,51,\N,\N,\N,\N,\N,\N,4
2343,130,31,3,6,1,\N,"R",17,0,46,\N,\N,\N,\N,\N,\N,5
2344,130,35,16,11,14,\N,"R",18,0,44,\N,\N,\N,\N,\N,\N,26
2345,130,8,1,4,6,\N,"R",19,0,41,\N,\N,\N,\N,\N,\N,4
2346,130,62,18,22,22,\N,"R",20,0,29,\N,\N,\N,\N,\N,\N,3
2347,130,11,17,10,16,\N,"R",21,0,22,\N,\N,\N,\N,\N,\N,20
2348,130,66,7,25,10,\N,"R",22,0,15,\N,\N,\N,\N,\N,\N,3
1995,114,31,3,3,3,1,"1",1,10,78,"1:42:19.010",6139010,\N,\N,\N,\N,1
1996,114,8,1,6,2,2,"2",2,8,78,"+0.602",6139612,\N,\N,\N,\N,1
1997,114,30,6,1,5,3,"3",3,6,78,"+1.720",6140730,\N,\N,\N,\N,1
1998,114,23,3,4,1,4,"4",4,5,78,"+28.518",6167528,\N,\N,\N,\N,1
1999,114,4,4,8,8,5,"5",5,4,78,"+36.251",6175261,\N,\N,\N,\N,1
2000,114,15,4,7,4,6,"6",6,3,78,"+40.972",6179982,\N,\N,\N,\N,1
2001,114,14,1,5,6,7,"7",7,2,78,"+41.227",6180237,\N,\N,\N,\N,1
2002,114,22,6,2,7,8,"8",8,1,78,"+53.266",6192276,\N,\N,\N,\N,1
2003,114,43,7,21,10,9,"9",9,0,77,\N,\N,\N,\N,\N,\N,11
2004,114,21,17,11,12,10,"10",10,0,77,\N,\N,\N,\N,\N,\N,11
2005,114,2,15,9,14,11,"11",11,0,76,\N,\N,\N,\N,\N,\N,12
2006,114,52,17,12,16,12,"12",12,0,76,\N,\N,\N,\N,\N,\N,12
2007,114,44,7,20,17,13,"13",13,0,74,\N,\N,\N,\N,\N,\N,14
2008,114,35,16,16,11,\N,"R",14,0,63,\N,\N,\N,\N,\N,\N,5
2009,114,51,18,18,19,\N,"R",15,0,29,\N,\N,\N,\N,\N,\N,69
2010,114,50,18,19,18,\N,"R",16,0,28,\N,\N,\N,\N,\N,\N,69
2011,114,17,19,14,9,\N,"R",17,0,16,\N,\N,\N,\N,\N,\N,9
2012,114,42,19,15,13,\N,"R",18,0,10,\N,\N,\N,\N,\N,\N,10
2013,114,49,15,10,15,\N,"R",19,0,0,\N,\N,\N,\N,\N,\N,3
2014,114,18,16,17,20,\N,"W",20,0,0,\N,\N,\N,\N,\N,\N,73
1615,95,15,4,7,1,1,"1",1,10,77,"1:45:46.601",6346601,22,2,"1:14.870","160.598",1
1616,95,18,16,9,2,2,"2",2,8,77,"+0.497",6347098,40,3,"1:15.220","159.851",1
1617,95,22,6,2,6,3,"3",3,6,77,"+1:15.766",6422367,16,6,"1:15.763","158.705",1
1618,95,31,3,3,9,4,"4",4,5,76,\N,\N,41,5,"1:15.395","159.480",11
1619,95,13,15,12,16,5,"5",5,4,76,\N,\N,23,10,"1:17.151","155.850",11
1620,95,43,7,16,15,6,"6",6,3,76,\N,\N,22,8,"1:16.232","157.729",11
1621,95,2,17,18,17,7,"7",7,2,75,\N,\N,35,13,"1:18.262","153.637",12
1622,95,44,7,17,13,8,"8",8,1,74,\N,\N,57,9,"1:16.494","157.188",13
1623,95,47,18,21,19,9,"9",9,0,71,\N,\N,2,19,"1:21.886","146.838",16
1624,95,23,3,4,12,10,"10",10,0,69,\N,\N,18,12,"1:17.588","154.972",6
1625,95,30,6,1,4,\N,"R",11,0,45,\N,\N,23,1,"1:14.439","161.528",4
1626,95,4,4,8,3,\N,"R",12,0,41,\N,\N,23,4,"1:15.226","159.838",3
1627,95,8,1,6,5,\N,"R",13,0,27,\N,\N,15,7,"1:16.203","157.789",63
1628,95,46,18,20,20,\N,"R",14,0,15,\N,\N,10,18,"1:21.592","147.367",6
1629,95,45,17,19,18,\N,"R",15,0,12,\N,\N,10,14,"1:19.415","151.407",7
1630,95,17,19,14,11,\N,"R",16,0,11,\N,\N,11,11,"1:17.466","155.216",6
1631,95,11,16,10,7,\N,"R",17,0,2,\N,\N,2,17,"1:21.368","147.773",5
1632,95,14,1,5,8,\N,"R",18,0,2,\N,\N,2,15,"1:20.560","149.255",4
1633,95,21,15,11,10,\N,"R",19,0,2,\N,\N,2,16,"1:20.804","148.804",4
1634,95,32,19,15,14,\N,"R",20,0,0,\N,\N,\N,\N,\N,\N,3
1237,76,8,1,9,1,1,"1",1,10,78,"1:45:15.556",6315556,41,2,"1:15.921","158.375",1
1238,76,2,3,8,6,2,"2",2,8,78,"+13.877",6329433,15,9,"1:17.159","155.834",1
1239,76,17,3,7,3,3,"3",3,6,78,"+18.484",6334040,77,7,"1:16.971","156.214",1
1240,76,4,4,5,2,4,"4",4,5,78,"+36.487",6352043,19,3,"1:16.600","156.971",1
1241,76,31,1,10,16,5,"5",5,4,78,"+36.647",6352203,50,10,"1:17.403","155.342",1
1242,76,23,7,17,18,6,"6",6,3,78,"+37.117",6352673,11,8,"1:17.070","156.014",1
1243,76,30,6,1,8,7,"7",7,2,78,"+37.223",6352779,40,1,"1:15.842","158.540",1
1244,76,22,6,2,10,8,"8",8,1,78,"+37.570",6353126,51,6,"1:16.916","156.326",1
1245,76,13,15,12,11,9,"9",9,0,77,\N,\N,16,13,"1:17.799","154.552",11
1246,76,15,7,16,5,10,"10",10,0,77,\N,\N,38,5,"1:16.812","156.538",11
1247,76,35,15,11,9,11,"11",11,0,77,\N,\N,17,11,"1:17.482","155.184",11
1248,76,21,4,6,4,12,"12",12,0,77,\N,\N,20,4,"1:16.776","156.611",11
1249,76,33,17,18,15,13,"13",13,0,75,\N,\N,12,17,"1:20.747","148.909",13
1250,76,27,18,21,14,14,"14",14,0,73,\N,\N,22,16,"1:20.237","149.856",15
1251,76,24,9,15,12,\N,"R",15,0,59,\N,\N,43,14,"1:18.030","154.094",3
1252,76,40,18,20,13,\N,"R",16,0,29,\N,\N,19,15,"1:19.037","152.131",3
1253,76,14,9,14,7,\N,"R",17,0,23,\N,\N,15,12,"1:17.693","154.762",3
1254,76,39,17,19,17,\N,"R",18,0,18,\N,\N,14,18,"1:22.019","146.600",9
875,59,4,4,1,1,1,"1",1,10,78,"1:43:43.116",6223116,11,3,"1:15.671","158.898",1
876,59,31,1,4,4,2,"2",2,8,78,"+14.567",6237683,20,6,"1:16.008","158.193",1
877,59,14,9,14,7,3,"3",3,6,78,"+52.298",6275414,45,19,"1:17.849","154.452",1
878,59,22,11,11,5,4,"4",4,5,78,"+53.337",6276453,67,12,"1:17.320","155.509",1
879,59,30,6,5,22,5,"5",5,4,78,"+53.830",6276946,74,1,"1:15.143","160.014",1
880,59,21,4,2,9,6,"6",6,3,78,"+1:02.072",6285188,58,5,"1:15.919","158.379",1
881,59,2,2,16,15,7,"7",7,2,77,\N,\N,72,11,"1:17.319","155.511",11
882,59,23,7,7,10,8,"8",8,1,77,\N,\N,72,15,"1:17.540","155.068",11
883,59,13,6,6,21,9,"9",9,0,77,\N,\N,40,7,"1:16.612","156.946",11
884,59,24,5,20,12,10,"10",10,0,77,\N,\N,75,17,"1:17.660","154.828",11
885,59,18,11,12,13,11,"11",11,0,77,\N,\N,59,10,"1:17.300","155.549",11
886,59,27,13,19,16,12,"12",12,0,77,\N,\N,77,16,"1:17.603","154.942",11
887,59,26,5,21,18,13,"13",13,0,77,\N,\N,77,14,"1:17.481","155.186",11
888,59,35,2,17,14,14,"14",14,0,77,\N,\N,74,18,"1:17.767","154.615",11
889,59,33,13,18,17,15,"15",15,0,76,\N,\N,71,13,"1:17.329","155.491",12
890,59,36,8,23,20,16,"16",16,0,75,\N,\N,72,22,"1:19.104","152.002",13
891,59,15,7,8,6,17,"17",17,0,72,\N,\N,30,8,"1:17.180","155.791",9
892,59,32,9,15,11,\N,"R",18,0,56,\N,\N,19,20,"1:17.930","154.292",7
893,59,3,3,10,8,\N,"R",19,0,51,\N,\N,43,9,"1:17.227","155.696",3
894,59,8,1,3,3,\N,"R",20,0,50,\N,\N,19,2,"1:15.325","159.628",42
895,59,17,3,9,2,\N,"R",21,0,48,\N,\N,23,4,"1:15.680","158.879",43
896,59,11,8,22,19,\N,"R",22,0,46,\N,\N,39,21,"1:18.793","152.602",10
457,40,4,1,1,1,1,"1",1,10,78,"1:40:29.329",6029329,44,1,"1:15.284","159.715",1
458,40,1,1,2,2,2,"2",2,8,78,"+4.095",6033424,28,2,"1:15.372","159.528",1
459,40,13,6,5,3,3,"3",3,6,78,"+1:09.114",6098443,47,4,"1:16.183","157.830",1
460,40,21,4,3,4,4,"4",4,5,77,\N,\N,54,5,"1:16.254","157.683",11
461,40,9,2,10,8,5,"5",5,4,77,\N,\N,39,3,"1:16.006","158.198",11
462,40,2,2,9,7,6,"6",6,3,77,\N,\N,30,12,"1:17.041","156.072",11
463,40,25,3,17,11,7,"7",7,2,77,\N,\N,40,7,"1:16.658","156.852",11
464,40,8,6,6,16,8,"8",8,1,77,\N,\N,62,6,"1:16.592","156.987",11
465,40,26,5,19,18,9,"9",9,0,77,\N,\N,73,10,"1:16.867","156.426",11
466,40,22,11,8,9,10,"10",10,0,77,\N,\N,69,13,"1:17.080","155.993",11
467,40,18,11,7,10,11,"11",11,0,77,\N,\N,40,9,"1:16.802","156.558",11
468,40,3,3,16,5,12,"12",12,0,77,\N,\N,70,11,"1:16.991","156.174",11
469,40,5,4,4,15,13,"13",13,0,76,\N,\N,72,14,"1:17.100","155.953",5
470,40,14,9,14,13,14,"14",14,0,76,\N,\N,75,8,"1:16.786","156.591",12
471,40,15,7,12,14,15,"15",15,0,76,\N,\N,53,18,"1:17.495","155.158",12
472,40,23,7,11,20,16,"16",16,0,76,\N,\N,47,17,"1:17.231","155.688",12
473,40,11,8,22,21,17,"17",17,0,76,\N,\N,74,15,"1:17.183","155.785",12
474,40,19,8,23,17,18,"18",18,0,76,\N,\N,63,16,"1:17.223","155.704",12
475,40,27,12,21,22,19,"19",19,0,70,\N,\N,70,20,"1:17.689","154.770",30
476,40,16,12,20,19,\N,"R",20,0,53,\N,\N,34,19,"1:17.678","154.792",3
477,40,17,9,15,6,\N,"R",21,0,17,\N,\N,17,21,"1:18.998","152.206",6
478,40,24,5,18,12,\N,"R",22,0,2,\N,\N,\N,\N,\N,\N,3
109,23,1,1,22,3,1,"1",1,10,76,"2:00:42.742",7242742,71,6,"1:18.510","153.152",1
110,23,9,2,4,5,2,"2",2,8,76,"+3.064",7245806,75,5,"1:17.933","154.286",1
111,23,13,6,2,1,3,"3",3,6,76,"+4.811",7247553,76,4,"1:17.886","154.379",1
112,23,17,9,10,9,4,"4",4,5,76,"+19.295",7262037,74,8,"1:19.036","152.133",1
113,23,20,5,15,19,5,"5",5,4,76,"+24.657",7267399,74,7,"1:18.787","152.614",1
114,23,22,11,17,14,6,"6",6,3,76,"+28.408",7271150,75,9,"1:19.574","151.104",1
115,23,6,3,8,13,7,"7",7,2,76,"+30.180",7272922,75,13,"1:19.910","150.469",1
116,23,5,1,23,4,8,"8",8,1,76,"+33.191",7275933,74,2,"1:17.282","155.586",1
117,23,8,6,1,2,9,"9",9,0,76,"+33.792",7276534,74,1,"1:16.689","156.789",1
118,23,4,4,5,7,10,"10",10,0,75,\N,\N,73,3,"1:17.869","154.413",11
119,23,18,11,16,11,11,"11",11,0,75,\N,\N,74,10,"1:19.582","151.089",11
120,23,10,7,12,10,12,"12",12,0,75,\N,\N,75,11,"1:19.618","151.021",11
121,23,15,7,11,8,13,"13",13,0,75,\N,\N,75,12,"1:19.830","150.620",11
122,23,2,2,3,12,14,"14",14,0,72,\N,\N,72,14,"1:20.251","149.829",14
123,23,16,10,20,18,\N,"R",15,0,67,\N,\N,60,16,"1:22.039","146.564",4
124,23,3,3,7,6,\N,"R",16,0,59,\N,\N,58,15,"1:21.270","147.951",3
125,23,12,4,6,17,\N,"R",17,0,47,\N,\N,40,17,"1:31.187","131.860",3
126,23,21,10,21,20,\N,"R",18,0,36,\N,\N,33,18,"1:32.849","129.500",6
127,23,14,9,9,15,\N,"R",19,0,7,\N,\N,7,20,"1:42.112","117.753",3
128,23,7,5,14,16,\N,"R",20,0,7,\N,\N,7,19,"1:41.150","118.872",4
7654,6,18,23,22,1,1,"1",1,10,78,"1:40:44.282",6044282,49,2,"1:15.190","159.914",1
7655,6,22,23,23,3,2,"2",2,8,78,"+7.666",6051948,46,7,"1:15.685","158.868",1
7656,6,8,6,4,2,3,"3",3,6,78,"+13.442",6057724,47,5,"1:15.382","159.507",1
7657,6,13,6,3,5,4,"4",4,5,78,"+15.110",6059392,50,1,"1:15.154","159.991",1
7658,6,17,9,14,8,5,"5",5,4,78,"+15.730",6060012,45,3,"1:15.321","159.636",1
7659,6,3,3,16,6,6,"6",6,3,78,"+33.586",6077868,48,9,"1:15.772","158.686",1
7660,6,4,4,7,9,7,"7",7,2,78,"+37.839",6082121,64,4,"1:15.371","159.530",1
7661,6,7,5,11,14,8,"8",8,1,78,"+1:03.142",6107424,47,13,"1:16.178","157.840",1
7662,6,21,10,21,13,9,"9",9,0,78,"+1:05.040",6109322,74,16,"1:16.419","157.343",1
7663,6,10,7,10,20,10,"10",10,0,77,\N,\N,72,12,"1:16.066","158.073",11
7664,6,2,2,6,16,11,"11",11,0,77,\N,\N,49,15,"1:16.268","157.654",11
7665,6,1,1,1,19,12,"12",12,0,77,\N,\N,65,8,"1:15.706","158.824",11
7666,6,15,7,9,18,13,"13",13,0,77,\N,\N,57,11,"1:16.011","158.187",11
7667,6,16,10,20,15,14,"14",14,0,77,\N,\N,66,14,"1:16.245","157.702",11
7668,6,6,3,17,10,15,"15",15,0,76,\N,\N,73,10,"1:15.792","158.644",3
7669,6,5,1,2,7,\N,"R",16,0,51,\N,\N,48,6,"1:15.672","158.896",3
7670,6,9,2,5,17,\N,"R",17,0,28,\N,\N,25,17,"1:17.558","155.032",23
7671,6,20,9,15,4,\N,"R",18,0,15,\N,\N,15,18,"1:17.634","154.880",3
7672,6,12,4,8,12,\N,"R",19,0,10,\N,\N,7,19,"1:18.514","153.144",4
7673,6,67,5,12,11,\N,"R",20,0,10,\N,\N,7,20,"1:18.582","153.012",4
20897,846,20,9,1,1,1,"1",1,25,78,"2:09:38.373",7778373,78,2,"1:16.267","157.656",1
20898,846,4,6,5,4,2,"2",2,18,78,"+1.138",7779511,77,4,"1:16.471","157.236",1
20899,846,18,1,4,2,3,"3",3,15,78,"+2.378",7780751,78,3,"1:16.463","157.252",1
20900,846,17,9,2,3,4,"4",4,12,78,"+23.101",7801474,78,1,"1:16.234","157.724",1
20901,846,155,15,16,12,5,"5",5,10,78,"+26.916",7805289,76,7,"1:18.308","153.547",1
20902,846,1,1,3,9,6,"6",6,8,78,"+27.210",7805583,54,5,"1:17.847","154.456",1
20903,846,16,10,14,14,7,"7",7,6,77,\N,\N,77,13,"1:18.872","152.449",11
20904,846,2,4,9,15,8,"8",8,4,77,\N,\N,77,6,"1:17.857","154.436",11
20905,846,22,3,11,11,9,"9",9,2,77,\N,\N,76,8,"1:18.584","153.008",11
20906,846,67,5,18,16,10,"10",10,1,77,\N,\N,77,12,"1:18.832","152.526",11
20907,846,3,131,8,7,11,"11",11,0,76,\N,\N,56,10,"1:18.699","152.784",12
20908,846,814,10,15,13,12,"12",12,0,76,\N,\N,75,11,"1:18.724","152.736",12
20909,846,15,205,21,18,13,"13",13,0,76,\N,\N,66,19,"1:21.277","147.938",12
20910,846,5,205,20,17,14,"14",14,0,76,\N,\N,54,18,"1:20.678","149.036",12
20911,846,816,166,25,21,15,"15",15,0,75,\N,\N,75,20,"1:21.391","147.731",13
20912,846,24,164,23,23,16,"16",16,0,75,\N,\N,74,21,"1:21.566","147.414",13
20913,846,39,164,22,22,17,"17",17,0,74,\N,\N,74,23,"1:22.731","145.338",14
20914,846,813,3,12,8,18,"18",18,0,73,\N,\N,62,14,"1:18.904","152.387",3
20915,846,808,4,10,10,\N,"R",19,0,67,\N,\N,57,16,"1:20.058","150.191",4
20916,846,153,5,19,19,\N,"R",20,0,66,\N,\N,59,9,"1:18.608","152.961",4
20917,846,13,6,6,6,\N,"R",21,0,32,\N,\N,16,17,"1:20.202","149.921",3
20918,846,30,131,7,5,\N,"R",22,0,32,\N,\N,30,15,"1:19.801","150.674",5
20919,846,10,166,24,20,\N,"R",23,0,30,\N,\N,30,22,"1:22.102","146.451",22
21352,865,17,9,2,1,1,"1",1,25,78,"1:46:06.557",6366557,45,3,"1:18.805","152.579",1
21353,865,3,131,8,2,2,"2",2,18,78,"+0.643",6367200,46,7,"1:18.977","152.246",1
21354,865,4,6,5,5,3,"3",3,15,78,"+0.947",6367504,45,5,"1:18.857","152.478",1
21355,865,20,9,1,9,4,"4",4,12,78,"+1.343",6367900,43,9,"1:19.076","152.056",1
21356,865,1,1,4,3,5,"5",5,10,78,"+4.101",6370658,46,4,"1:18.806","152.577",1
21357,865,13,6,6,7,6,"6",6,8,78,"+6.195",6372752,41,10,"1:19.101","152.008",1
21358,865,814,10,11,14,7,"7",7,6,78,"+41.537",6408094,51,17,"1:19.757","150.757",1
21359,865,807,10,12,10,8,"8",8,4,78,"+42.562",6409119,35,2,"1:18.423","153.322",1
21360,865,8,208,9,8,9,"9",9,2,78,"+44.036",6410593,51,12,"1:19.246","151.730",1
21361,865,811,3,19,13,10,"10",10,1,78,"+44.516",6411073,51,11,"1:19.187","151.843",1
21362,865,815,15,15,23,11,"11",11,0,77,\N,\N,49,1,"1:17.296","155.557",11
21363,865,818,5,17,16,12,"12",12,0,77,\N,\N,25,8,"1:19.013","152.177",11
21364,865,5,207,20,17,13,"13",13,0,77,\N,\N,76,13,"1:19.305","151.617",11
21365,865,10,206,24,19,14,"14",14,0,77,\N,\N,60,15,"1:19.637","150.985",11
21366,865,39,164,23,22,15,"15",15,0,76,\N,\N,44,19,"1:20.286","149.764",12
21367,865,18,1,3,12,16,"16",16,0,70,\N,\N,51,18,"1:19.923","150.444",4
21368,865,817,5,16,15,\N,"R",17,0,65,\N,\N,44,16,"1:19.752","150.767",31
21369,865,819,206,25,21,\N,"R",18,0,64,\N,\N,61,14,"1:19.604","151.047",31
21370,865,30,131,7,6,\N,"R",19,0,63,\N,\N,52,6,"1:18.904","152.387",32
21371,865,808,207,21,18,\N,"R",20,0,15,\N,\N,12,20,"1:20.825","148.765",10
21372,865,155,15,14,11,\N,"R",21,0,5,\N,\N,4,21,"1:25.480","140.664",3
21373,865,37,164,22,20,\N,"R",22,0,0,\N,\N,\N,0,\N,\N,3
21374,865,813,3,18,24,\N,"R",23,0,0,\N,\N,\N,0,\N,\N,3
21375,865,154,208,10,4,\N,"R",24,0,0,\N,\N,\N,0,\N,\N,3
21822,885,3,131,9,1,1,"1",1,25,78,"2:17:52.056",8272056,74,6,"1:18.327","153.510",1
21823,885,20,9,1,3,2,"2",2,18,78,"+3.888",8275944,77,1,"1:16.577","157.018",1
21824,885,17,9,2,4,3,"3",3,15,78,"+6.314",8278370,77,4,"1:18.262","153.637",1
21825,885,1,131,10,2,4,"4",4,12,78,"+13.894",8285950,76,3,"1:18.133","153.891",1
21826,885,16,10,15,8,5,"5",5,10,78,"+21.477",8293533,74,5,"1:18.292","153.578",1
21827,885,18,1,5,9,6,"6",6,8,78,"+23.103",8295159,76,8,"1:18.720","152.743",1
21828,885,4,6,3,6,7,"7",7,6,78,"+26.734",8298790,77,12,"1:19.340","151.550",1
21829,885,818,5,18,10,8,"8",8,4,78,"+27.223",8299279,77,10,"1:19.151","151.912",1
21830,885,814,10,14,17,9,"9",9,2,78,"+27.608",8299664,77,11,"1:19.215","151.789",1
21831,885,8,208,7,5,10,"10",10,1,78,"+36.582",8308638,78,2,"1:17.392","155.364",1
21832,885,807,15,11,11,11,"11",11,0,78,"+42.572",8314628,29,15,"1:19.853","150.576",1
21833,885,822,3,17,14,12,"12",12,0,78,"+42.691",8314747,68,20,"1:20.921","148.589",1
21834,885,821,15,12,19,13,"13",13,0,78,"+43.212",8315268,71,7,"1:18.685","152.811",1
21835,885,820,206,23,22,14,"14",14,0,78,"+49.885",8321941,78,9,"1:19.016","152.171",1
21836,885,823,207,21,15,15,"15",15,0,78,"+1:02.590",8334646,50,17,"1:20.494","149.377",1
21837,885,815,1,6,7,16,"16",16,0,72,\N,\N,27,14,"1:19.530","151.188",22
21838,885,154,208,8,13,\N,"R",17,0,63,\N,\N,57,21,"1:20.969","148.501",4
21839,885,817,5,19,12,\N,"R",18,0,61,\N,\N,26,13,"1:19.426","151.386",4
21840,885,824,206,22,20,\N,"R",19,0,58,\N,\N,49,18,"1:20.617","149.149",23
21841,885,813,3,16,16,\N,"R",20,0,44,\N,\N,8,19,"1:20.881","148.662",4
21842,885,13,6,4,21,\N,"R",21,0,28,\N,\N,28,16,"1:20.064","150.179",3
21843,885,819,207,20,18,\N,"R",22,0,7,\N,\N,4,22,"1:22.772","145.266",6
22240,905,3,131,6,1,1,"1",1,25,78,"1:49:27.661",6567661,33,4,"1:19.425","151.388",1
22241,905,1,131,44,2,2,"2",2,18,78,"+9.210",6576871,34,3,"1:19.361","151.510",1
22242,905,817,9,3,3,3,"3",3,15,78,"+9.614",6577275,70,2,"1:19.252","151.718",1
22243,905,4,6,14,5,4,"4",4,12,78,"+32.452",6600113,54,5,"1:19.727","150.814",1
22244,905,807,10,27,11,5,"5",5,10,77,\N,\N,38,9,"1:20.767","148.872",11
22245,905,18,1,22,12,6,"6",6,8,77,\N,\N,42,12,"1:21.047","148.358",11
22246,905,13,3,19,16,7,"7",7,6,77,\N,\N,48,6,"1:20.314","149.712",11
22247,905,154,208,8,14,8,"8",8,4,77,\N,\N,53,11,"1:20.979","148.482",11
22248,905,824,206,17,21,9,"9",9,2,77,\N,\N,42,16,"1:21.254","147.980",11
22249,905,825,1,20,8,10,"10",10,1,77,\N,\N,75,8,"1:20.657","149.075",11
22250,905,828,207,9,22,11,"11",11,0,77,\N,\N,53,10,"1:20.911","148.607",11
22251,905,8,6,7,6,12,"12",12,0,77,\N,\N,75,1,"1:18.479","153.212",11
22252,905,155,207,10,20,13,"13",13,0,75,\N,\N,16,19,"1:22.425","145.878",12
22253,905,820,206,4,19,14,"14",14,0,75,\N,\N,69,7,"1:20.579","149.220",13
22254,905,821,15,21,17,\N,"R",15,0,59,\N,\N,41,15,"1:21.146","148.177",3
22255,905,822,3,77,13,\N,"R",16,0,55,\N,\N,50,14,"1:21.105","148.252",5
22256,905,818,5,25,7,\N,"R",17,0,50,\N,\N,35,13,"1:21.083","148.292",5
22257,905,16,15,99,18,\N,"R",18,0,23,\N,\N,23,17,"1:21.761","147.062",3
22258,905,826,5,26,9,\N,"R",19,0,10,\N,\N,8,18,"1:22.011","146.614",26
22259,905,20,9,1,4,\N,"R",20,0,5,\N,\N,3,20,"1:59.505","100.615",101
22260,905,815,10,11,10,\N,"R",21,0,0,\N,\N,\N,0,\N,\N,4
22261,905,813,208,13,15,\N,"W",22,0,0,\N,\N,\N,0,\N,\N,54
22636,931,3,131,6,2,1,"1",1,25,78,"1:49:18.420",6558420,76,2,"1:18.599","152.841",1
22637,931,20,6,5,3,2,"2",2,18,78,"+4.486",6562906,75,4,"1:18.854","152.347",1
22638,931,1,131,44,1,3,"3",3,15,78,"+6.053",6564473,42,3,"1:18.676","152.692",1
22639,931,826,9,26,5,4,"4",4,12,78,"+11.965",6570385,75,7,"1:19.130","151.815",1
22640,931,817,9,3,4,5,"5",5,10,78,"+13.608",6572028,74,1,"1:18.063","153.891",1
22641,931,8,6,7,6,6,"6",6,8,78,"+14.345",6572765,74,10,"1:19.651","150.822",1
22642,931,815,10,11,7,7,"7",7,6,78,"+15.013",6573433,74,11,"1:19.657","150.811",1
22643,931,18,1,22,10,8,"8",8,4,78,"+16.063",6574483,76,9,"1:19.490","151.128",1
22644,931,831,15,12,14,9,"9",9,2,78,"+23.626",6582046,76,15,"1:20.017","150.133",1
22645,931,832,5,55,0,10,"10",10,1,78,"+25.056",6583476,48,13,"1:19.816","150.511",1
22646,931,807,10,27,11,11,"11",11,0,78,"+26.232",6584652,46,14,"1:19.921","150.313",1
22647,931,154,208,8,15,12,"12",12,0,78,"+28.415",6586835,40,17,"1:20.483","149.263",1
22648,931,828,15,9,17,13,"13",13,0,78,"+31.159",6589579,75,8,"1:19.285","151.519",1
22649,931,822,3,77,16,14,"14",14,0,78,"+45.789",6604209,74,6,"1:18.944","152.173",1
22650,931,13,3,19,12,15,"15",15,0,77,\N,\N,72,12,"1:19.764","150.609",11
22651,931,833,209,98,19,16,"16",16,0,76,\N,\N,47,18,"1:21.715","147.013",12
22652,931,829,209,28,18,17,"17",17,0,76,\N,\N,58,20,"1:22.693","145.274",12
22653,931,830,5,33,9,\N,"R",18,0,62,\N,\N,49,5,"1:18.873","152.310",3
22654,931,4,1,14,13,\N,"R",19,0,41,\N,\N,36,16,"1:20.459","149.308",6
22655,931,813,208,13,8,\N,"R",20,0,5,\N,\N,3,19,"1:22.271","146.019",23
23027,953,1,131,44,3,1,"1",1,25,78,"1:59:29.133",7169133,71,1,"1:17.939","154.135",1
23028,953,817,9,3,1,2,"2",2,18,78,"+7.252",7176385,67,3,"1:18.294","153.437",1
23029,953,815,10,11,7,3,"3",3,15,78,"+13.825",7182958,64,4,"1:18.446","153.139",1
23030,953,20,6,5,4,4,"4",4,12,78,"+15.846",7184979,62,2,"1:18.005","154.005",1
23031,953,4,1,14,9,5,"5",5,10,78,"+1:25.076",7254209,72,8,"1:19.170","151.739",1
23032,953,807,10,27,5,6,"6",6,8,78,"+1:32.999",7262132,74,11,"1:19.232","151.620",1
23033,953,3,131,6,2,7,"7",7,6,78,"+1:33.290",7262423,74,6,"1:18.763","152.523",1
23034,953,832,5,55,6,8,"8",8,4,77,\N,\N,70,5,"1:18.519","152.997",11
23035,953,18,1,22,13,9,"9",9,2,77,\N,\N,66,12,"1:19.670","150.786",11
23036,953,13,3,19,14,10,"10",10,1,77,\N,\N,69,9,"1:19.213","151.656",11
23037,953,821,210,21,12,11,"11",11,0,77,\N,\N,69,7,"1:19.131","151.814",11
23038,953,822,3,77,10,12,"12",12,0,77,\N,\N,66,10,"1:19.223","151.637",11
23039,953,154,210,8,15,13,"13",13,0,76,\N,\N,65,14,"1:20.219","149.755",12
23040,953,836,209,94,20,14,"14",14,0,76,\N,\N,60,15,"1:20.372","149.469",12
23041,953,837,209,88,19,15,"15",15,0,74,\N,\N,70,13,"1:19.868","150.413",14
23042,953,828,15,9,17,\N,"R",16,0,51,\N,\N,51,16,"1:21.342","147.687",4
23043,953,831,15,12,0,\N,"R",17,0,48,\N,\N,46,17,"1:21.889","146.701",31
23044,953,830,9,33,0,\N,"R",18,0,34,\N,\N,34,18,"1:26.563","138.779",3
23045,953,825,4,20,16,\N,"R",19,0,32,\N,\N,27,19,"1:29.802","133.774",31
23046,953,826,5,26,8,\N,"R",20,0,18,\N,\N,14,20,"1:37.895","122.715",3
23047,953,8,6,7,11,\N,"R",21,0,10,\N,\N,10,21,"1:47.149","112.116",3
23048,953,835,4,30,18,\N,"R",22,0,7,\N,\N,2,22,"1:58.474","101.399",3
23479,974,20,6,5,2,1,"1",1,25,78,"1:44:44.340",6284340,38,2,"1:15.238","159.669",1
23480,974,8,6,7,1,2,"2",2,18,78,"+3.145",6287485,39,3,"1:15.527","159.058",1
23481,974,817,9,3,5,3,"3",3,15,78,"+3.745",6288085,51,4,"1:15.756","158.577",1
23482,974,822,131,77,3,4,"4",4,12,78,"+5.517",6289857,22,9,"1:16.439","157.160",1
23483,974,830,9,33,4,5,"5",5,10,78,"+6.199",6290539,56,8,"1:16.329","157.387",1
23484,974,832,5,55,6,6,"6",6,8,78,"+12.038",6296378,39,14,"1:16.649","156.730",1
23485,974,1,131,44,13,7,"7",7,6,78,"+15.801",6300141,54,5,"1:15.825","158.433",1
23486,974,154,210,8,8,8,"8",8,4,78,"+18.150",6302490,45,18,"1:17.095","155.823",1
23487,974,13,3,19,14,9,"9",9,2,78,"+19.445",6303785,50,12,"1:16.543","156.947",1
23488,974,825,210,20,11,10,"10",10,1,78,"+21.443",6305783,44,7,"1:16.313","157.420",1
23489,974,835,4,30,16,11,"11",11,0,78,"+22.737",6307077,55,13,"1:16.614","156.801",1
23490,974,839,10,31,15,12,"12",12,0,78,"+23.725",6308065,52,10,"1:16.482","157.072",1
23491,974,815,10,11,7,13,"13",13,0,78,"+39.089",6323429,76,1,"1:14.820","160.561",1
23492,974,826,5,26,9,14,"14",14,0,71,\N,\N,43,11,"1:16.539","156.955",130
23493,974,840,3,18,17,15,"15",15,0,71,\N,\N,71,6,"1:16.075","157.912",23
23494,974,838,1,2,12,\N,"R",16,0,66,\N,\N,45,15,"1:16.665","156.697",3
23495,974,828,15,9,19,\N,"R",17,0,63,\N,\N,39,16,"1:16.829","156.362",3
23496,974,18,1,22,20,\N,"R",18,0,57,\N,\N,47,17,"1:16.912","156.194",130
23497,974,836,15,94,18,\N,"R",19,0,57,\N,\N,25,20,"1:18.034","153.948",4
23498,974,807,4,27,10,\N,"R",20,0,15,\N,\N,13,19,"1:17.885","154.242",6
23882,994,817,9,3,1,1,"1",1,25,78,"1:42:54.807",6174807,13,5,"1:15.562","158.984",1
23883,994,20,6,5,2,2,"2",2,18,78,"+7.336",6182143,14,7,"1:16.065","157.933",1
23884,994,1,131,44,3,3,"3",3,15,78,"+17.013",6191820,15,8,"1:16.270","157.508",1
23885,994,8,6,7,4,4,"4",4,12,78,"+18.127",6192934,13,10,"1:16.392","157.257",1
23886,994,822,131,77,5,5,"5",5,10,78,"+18.822",6193629,21,9,"1:16.312","157.422",1
23887,994,839,10,31,6,6,"6",6,8,78,"+23.667",6198474,63,14,"1:17.027","155.960",1
23888,994,842,5,10,10,7,"7",7,6,78,"+24.331",6199138,68,15,"1:17.099","155.815",1
23889,994,807,4,27,11,8,"8",8,4,78,"+24.839",6199646,57,6,"1:16.061","157.941",1
23890,994,830,9,33,20,9,"9",9,2,78,"+25.317",6200124,60,1,"1:14.260","161.772",1
23891,994,832,4,55,8,10,"10",10,1,78,"+1:09.013",6243820,19,18,"1:17.491","155.027",1
23892,994,828,15,9,16,11,"11",11,0,78,"+1:09.864",6244671,19,12,"1:16.936","156.145",1
23893,994,815,10,11,9,12,"12",12,0,78,"+1:10.461",6245268,24,19,"1:17.546","154.917",1
23894,994,825,210,20,19,13,"13",13,0,78,"+1:14.823",6249630,20,17,"1:17.476","155.057",1
23895,994,838,1,2,12,14,"14",14,0,77,\N,\N,76,11,"1:16.864","156.291",11
23896,994,154,210,8,18,15,"15",15,0,77,\N,\N,74,2,"1:14.822","160.557",11
23897,994,845,3,35,13,16,"16",16,0,77,\N,\N,75,4,"1:15.325","159.484",11
23898,994,840,3,18,17,17,"17",17,0,76,\N,\N,61,3,"1:14.944","160.295",12
23899,994,844,15,16,14,\N,"R",18,0,70,\N,\N,17,20,"1:17.710","154.590",4
23900,994,843,5,28,15,\N,"R",19,0,70,\N,\N,15,16,"1:17.172","155.667",4
23901,994,4,1,14,7,\N,"R",20,0,52,\N,\N,23,13,"1:17.018","155.979",6
24306,1015,1,131,44,1,1,"1",1,25,78,"1:43:28.437",6208437,9,6,"1:16.167","157.721",1
24307,1015,20,6,5,4,2,"2",2,18,78,"+2.602",6211039,9,9,"1:16.277","157.494",1
24308,1015,822,131,77,2,3,"3",3,15,78,"+3.162",6211599,65,2,"1:15.163","159.828",1
24309,1015,830,9,33,3,4,"4",4,12,78,"+5.537",6213974,9,7,"1:16.229","157.593",1
24310,1015,842,9,10,8,5,"5",5,11,78,"+9.946",6218383,72,1,"1:14.279","161.730",1
24311,1015,832,1,55,9,6,"6",6,8,78,"+53.454",6261891,32,5,"1:15.891","158.295",1
24312,1015,826,5,26,7,7,"7",7,6,78,"+54.574",6263011,31,10,"1:16.288","157.471",1
24313,1015,848,5,23,10,8,"8",8,4,78,"+55.200",6263637,43,3,"1:15.607","158.890",1
24314,1015,817,4,3,6,9,"9",9,2,78,"+1:00.894",6269331,78,4,"1:15.697","158.701",1
24315,1015,154,210,8,13,10,"10",10,1,78,"+1:01.034",6269471,41,16,"1:16.746","156.531",1
24316,1015,846,1,4,12,11,"11",11,0,78,"+1:06.801",6275238,61,13,"1:16.413","157.214",1
24317,1015,825,210,20,5,14,"14",14,0,77,\N,\N,61,17,"1:16.992","156.031",11
24318,1015,815,211,11,16,12,"12",12,0,77,\N,\N,67,15,"1:16.613","156.803",11
24319,1015,807,4,27,11,13,"13",13,0,77,\N,\N,65,8,"1:16.276","157.496",11
24320,1015,847,3,63,19,15,"15",15,0,77,\N,\N,76,18,"1:17.038","155.938",11
24321,1015,840,211,18,17,16,"16",16,0,77,\N,\N,45,12,"1:16.379","157.284",11
24322,1015,8,51,7,14,17,"17",17,0,77,\N,\N,50,14,"1:16.436","157.166",11
24323,1015,9,3,88,20,18,"18",18,0,77,\N,\N,32,19,"1:17.388","155.233",11
24324,1015,841,51,99,18,19,"19",19,0,76,\N,\N,46,11,"1:16.299","157.448",12
24325,1015,844,6,16,15,\N,"R",20,0,16,\N,\N,6,20,"1:19.151","151.775",4
25047,1056,832,6,55,4,2,"2",2,18,78,"+8.968",5945788,35,5,"1:14.621","160.989",1
25046,1056,830,9,33,2,1,"1",1,25,78,"1:38:56.820",5936820,58,6,"1:14.649","160.929",1
25048,1056,846,1,4,5,3,"3",3,15,78,"+19.427",5956247,76,7,"1:14.670","160.883",1
25049,1056,815,9,11,9,4,"4",4,12,78,"+20.490",5957310,32,3,"1:14.552","161.138",1
25050,1056,20,117,5,8,5,"5",5,10,78,"+52.591",5989411,33,11,"1:15.316","159.503",1
25051,1056,842,213,10,6,6,"6",6,8,78,"+53.896",5990716,71,14,"1:15.412","159.300",1
25052,1056,1,131,44,7,7,"7",7,7,78,"+1:08.231",6005051,69,1,"1:12.909","164.769",1
25053,1056,840,117,18,13,8,"8",8,4,77,\N,\N,74,8,"1:14.674","160.875",11
25054,1056,839,214,31,11,9,"9",9,2,77,\N,\N,41,12,"1:15.316","159.503",11
25055,1056,841,51,99,10,10,"10",10,1,77,\N,\N,41,13,"1:15.331","159.472",11
25056,1056,8,51,7,14,11,"11",11,0,77,\N,\N,55,9,"1:14.971","160.237",11
25057,1056,817,1,3,12,12,"12",12,0,77,\N,\N,43,4,"1:14.578","161.082",11
25058,1056,4,214,14,17,13,"13",13,0,77,\N,\N,70,10,"1:15.026","160.120",11
25059,1056,847,3,63,15,14,"14",14,0,77,\N,\N,59,15,"1:15.539","159.033",11
25060,1056,849,3,6,18,15,"15",15,0,77,\N,\N,66,16,"1:15.573","158.961",11
25061,1056,852,213,22,16,16,"16",16,0,77,\N,\N,66,2,"1:14.037","162.259",11
25062,1056,853,210,9,19,17,"17",17,0,75,\N,\N,64,19,"1:16.866","156.287",13
25063,1056,854,210,47,20,18,"18",18,0,75,\N,\N,51,18,"1:16.425","157.189",13
25064,1056,822,131,77,3,\N,"R",19,0,29,\N,\N,18,17,"1:15.706","158.682",61
25065,1056,844,6,16,1,\N,"W",20,0,0,\N,\N,\N,0,\N,\N,30